id;password;start_date;end_date;status
1;Wisconsin circuit HTTP;2020-11-02T23:07:36;2020-11-02T21:59:38;ACTIVE
2;adapter;2020-11-02T06:31:22;2020-11-02T05:46:36;ACTIVE
3;Bedfordshire;2020-11-02T23:01:11;2020-11-02T08:25:39;EXPIRED
4;Mobility;2020-11-02T06:14:08;2020-11-02T22:53:24;ACTIVE
5;Dynamic Cambodia synthesize;2020-11-02T17:34:48;2020-11-02T04:50:49;EXPIRED
6;Buckinghamshire;2020-11-02T10:19:28;2020-11-02T20:49:11;ACTIVE
7;Technician COM;2020-11-02T03:05:11;2020-11-02T11:06:20;EXPIRED
8;lime Corporate innovative;2020-11-02T15:40:30;2020-11-02T19:21:58;EXPIRED
9;bandwidth;2020-11-02T16:54:23;2020-11-02T20:32:58;EXPIRED
10;portal;2020-11-02T17:57:02;2020-11-02T07:31:51;ACTIVE
