id;name;description
1;transmit withdrawal Representative;interface Handmade Rubber Chicken capacitor
2;Cheese Branch Outdoors;transmitting Licensed Steel Chips Supervisor
3;Cotton Licensed Steel Table;RSS
4;Handmade Cotton Sausages Investor SQL;interface Generic Metal Soap
5;channels Intuitive;Infrastructure
6;optimizing Practical;navigate bus Metal
7;connecting Guam;HTTP mobile Supervisor
8;Enterprise-wide Clothing target;hub Zloty
9;Djibouti payment;withdrawal Sausages adapter
10;Pants leading edge Applications;Home Loan Account Ergonomic Wooden Chicken
