id;time_stamp;message;user;rating
1;2020-11-02T04:39:50;mindshare Team-oriented Intranet;efficient parallelism;38646
2;2020-11-02T09:31:01;Credit Card Account Handcrafted Soft Chicken virtual;interfaces Home Loan Account;64866
3;2020-11-02T12:35:59;Niger Beauty;programming Bacon Organized;67407
4;2020-11-02T05:07:31;Locks Garden;Berkshire;14007
5;2020-11-02T18:38:28;wireless;methodology pixel;9778
6;2020-11-02T08:08:42;markets Greens Product;Strategist Argentine Peso;3382
7;2020-11-02T01:37:34;payment Avon;Avon bluetooth;70894
8;2020-11-02T11:07:23;deliver;Overpass;18598
9;2020-11-02T11:42:00;Dynamic SMTP;Republic of Korea;60048
10;2020-11-02T13:26:06;Czech Koruna;parallelism parse;98361
